kode_kab,kab/kota,Week,Date,Confirmed,Recovered,Deaths,Active
3201,Kabupaten Bogor,1,14/03/20,1,0,0,1
3201,Kabupaten Bogor,2,21/03/20,5,0,0,5
3201,Kabupaten Bogor,3,28/03/20,7,1,0,6
3201,Kabupaten Bogor,4,04/04/20,27,1,1,25
3201,Kabupaten Bogor,5,11/04/20,41,2,3,36
3201,Kabupaten Bogor,6,18/04/20,60,5,3,52
3201,Kabupaten Bogor,7,25/04/20,84,5,4,75
3201,Kabupaten Bogor,8,02/05/20,87,6,4,77
3201,Kabupaten Bogor,9,09/05/20,99,6,4,89
3201,Kabupaten Bogor,10,16/05/20,122,17,7,98
3201,Kabupaten Bogor,11,23/05/20,164,19,8,137
3201,Kabupaten Bogor,12,30/05/20,187,19,8,160
3201,Kabupaten Bogor,13,06/06/20,196,21,8,167
3201,Kabupaten Bogor,14,13/06/20,242,48,8,186
3201,Kabupaten Bogor,15,20/06/20,259,52,8,199
3201,Kabupaten Bogor,16,27/06/20,281,52,8,221
3201,Kabupaten Bogor,17,04/07/20,308,53,8,247
3201,Kabupaten Bogor,18,11/07/20,333,53,8,272
3201,Kabupaten Bogor,19,18/07/20,373,113,9,251
3201,Kabupaten Bogor,20,25/07/20,410,166,11,233
3201,Kabupaten Bogor,21,01/08/20,493,176,11,306
3201,Kabupaten Bogor,22,08/08/20,550,177,11,362
3201,Kabupaten Bogor,23,15/08/20,593,214,11,368
3201,Kabupaten Bogor,24,22/08/20,634,220,16,398
3201,Kabupaten Bogor,25,29/08/20,743,246,16,481
3201,Kabupaten Bogor,26,05/09/20,848,246,16,586
3201,Kabupaten Bogor,27,12/09/20,980,268,16,696
3201,Kabupaten Bogor,28,19/09/20,1177,461,16,700
3201,Kabupaten Bogor,29,26/09/20,1578,632,16,930
3201,Kabupaten Bogor,30,03/10/20,1925,632,16,1277
3201,Kabupaten Bogor,31,10/10/20,2298,838,16,1444
3201,Kabupaten Bogor,32,17/10/20,2613,1158,16,1439
3201,Kabupaten Bogor,33,24/10/20,2944,1561,16,1367
3201,Kabupaten Bogor,34,31/10/20,3250,1971,16,1263
3201,Kabupaten Bogor,35,07/11/20,3591,2428,16,1147
3201,Kabupaten Bogor,36,14/11/20,3925,2886,16,1023
3201,Kabupaten Bogor,37,21/11/20,3943,3488,16,439
3201,Kabupaten Bogor,38,28/11/20,3945,3873,16,56
3201,Kabupaten Bogor,39,05/12/20,3965,3926,16,23
3201,Kabupaten Bogor,40,12/12/20,3992,3938,16,38
3201,Kabupaten Bogor,41,19/12/20,4231,3950,16,265
3201,Kabupaten Bogor,42,26/12/20,4274,4136,16,122
3201,Kabupaten Bogor,43,02/01/21,4295,4239,16,40
3201,Kabupaten Bogor,44,09/01/21,4310,4278,16,16
,,,,,,,,,,,,,,,
3202,Kabupaten Sukabumi,1,28/03/20,1,1,0,0
3202,Kabupaten Sukabumi,2,04/04/20,1,1,0,0
3202,Kabupaten Sukabumi,3,11/04/20,4,1,0,3
3202,Kabupaten Sukabumi,4,18/04/20,4,2,0,2
3202,Kabupaten Sukabumi,5,25/04/20,7,2,0,5
3202,Kabupaten Sukabumi,6,02/05/20,12,2,0,10
3202,Kabupaten Sukabumi,7,09/05/20,17,2,0,15
3202,Kabupaten Sukabumi,8,16/05/20,18,2,0,16
3202,Kabupaten Sukabumi,9,23/05/20,21,5,0,16
3202,Kabupaten Sukabumi,10,30/05/20,21,5,0,16
3202,Kabupaten Sukabumi,11,06/06/20,23,7,0,16
3202,Kabupaten Sukabumi,12,13/06/20,26,7,0,19
3202,Kabupaten Sukabumi,13,20/06/20,30,7,0,23
3202,Kabupaten Sukabumi,14,27/06/20,31,23,0,8
3202,Kabupaten Sukabumi,15,04/07/20,33,23,0,10
3202,Kabupaten Sukabumi,16,11/07/20,40,23,0,17
3202,Kabupaten Sukabumi,17,18/07/20,47,29,0,18
3202,Kabupaten Sukabumi,18,25/07/20,52,37,0,15
3202,Kabupaten Sukabumi,19,01/08/20,77,65,0,12
3202,Kabupaten Sukabumi,20,08/08/20,79,73,0,6
3202,Kabupaten Sukabumi,21,15/08/20,93,76,2,15
3202,Kabupaten Sukabumi,22,22/08/20,97,79,2,16
3202,Kabupaten Sukabumi,23,29/08/20,114,88,3,23
3202,Kabupaten Sukabumi,24,05/09/20,120,91,3,26
3202,Kabupaten Sukabumi,25,12/09/20,132,104,3,25
3202,Kabupaten Sukabumi,26,19/09/20,147,106,3,38
3202,Kabupaten Sukabumi,27,26/09/20,181,129,4,48
3202,Kabupaten Sukabumi,28,03/10/20,239,142,4,93
3202,Kabupaten Sukabumi,29,10/10/20,312,178,4,130
3202,Kabupaten Sukabumi,30,17/10/20,380,263,4,113
3202,Kabupaten Sukabumi,31,24/10/20,516,327,4,185
3202,Kabupaten Sukabumi,32,31/10/20,614,458,7,149
3202,Kabupaten Sukabumi,33,07/11/20,750,535,17,198
3202,Kabupaten Sukabumi,34,14/11/20,1131,705,18,408
3202,Kabupaten Sukabumi,35,21/11/20,1134,733,18,383
3202,Kabupaten Sukabumi,36,28/11/20,1366,1108,18,240
3202,Kabupaten Sukabumi,37,05/12/20,1396,1211,18,167
3202,Kabupaten Sukabumi,38,12/12/20,1728,1375,18,335
3202,Kabupaten Sukabumi,39,19/12/20,1789,1549,18,222
3202,Kabupaten Sukabumi,40,26/12/20,1863,1714,18,131
3202,Kabupaten Sukabumi,41,02/01/21,2074,1844,33,197
3202,Kabupaten Sukabumi,42,09/01/21,2345,1845,34,466
,,,,,,,,,,,,,,,
3203,Kabupaten Cianjur,1,18/04/20,1,0,0,1
3203,Kabupaten Cianjur,2,25/04/20,1,0,1,0
3203,Kabupaten Cianjur,3,02/05/20,5,0,1,4
3203,Kabupaten Cianjur,4,09/05/20,8,0,1,7
3203,Kabupaten Cianjur,5,16/05/20,11,0,1,10
3203,Kabupaten Cianjur,6,23/05/20,14,2,1,11
3203,Kabupaten Cianjur,7,30/05/20,15,2,1,12
3203,Kabupaten Cianjur,8,06/06/20,16,2,1,13
3203,Kabupaten Cianjur,9,13/06/20,16,2,1,13
3203,Kabupaten Cianjur,10,20/06/20,17,2,1,14
3203,Kabupaten Cianjur,11,27/06/20,19,2,1,16
3203,Kabupaten Cianjur,12,04/07/20,19,2,1,16
3203,Kabupaten Cianjur,13,11/07/20,24,10,1,13
3203,Kabupaten Cianjur,14,18/07/20,35,10,1,24
3203,Kabupaten Cianjur,15,25/07/20,37,10,1,26
3203,Kabupaten Cianjur,16,01/08/20,39,15,1,23
3203,Kabupaten Cianjur,17,08/08/20,43,24,2,17
3203,Kabupaten Cianjur,18,15/08/20,56,28,2,26
3203,Kabupaten Cianjur,19,22/08/20,56,32,2,22
3203,Kabupaten Cianjur,20,29/08/20,64,32,2,30
3203,Kabupaten Cianjur,21,05/09/20,72,32,2,38
3203,Kabupaten Cianjur,22,12/09/20,78,43,2,33
3203,Kabupaten Cianjur,23,19/09/20,83,54,2,27
3203,Kabupaten Cianjur,24,26/09/20,87,61,2,24
3203,Kabupaten Cianjur,25,03/10/20,92,61,2,29
3203,Kabupaten Cianjur,26,10/10/20,94,71,2,21
3203,Kabupaten Cianjur,27,17/10/20,100,81,2,17
3203,Kabupaten Cianjur,28,24/10/20,146,85,2,59
3203,Kabupaten Cianjur,29,31/10/20,149,91,2,56
3203,Kabupaten Cianjur,30,07/11/20,153,97,2,54
3203,Kabupaten Cianjur,31,14/11/20,160,144,2,14
3203,Kabupaten Cianjur,32,21/11/20,165,149,2,14
3203,Kabupaten Cianjur,33,28/11/20,165,159,2,4
3203,Kabupaten Cianjur,34,05/12/20,205,163,2,40
3203,Kabupaten Cianjur,35,12/12/20,210,203,2,5
3203,Kabupaten Cianjur,36,19/12/20,220,205,2,13
3203,Kabupaten Cianjur,37,26/12/20,221,207,2,12
3203,Kabupaten Cianjur,38,02/01/21,221,219,2,0
3203,Kabupaten Cianjur,39,09/01/21,221,219,2,0
,,,,,,,,,,,,,,,
3204,Kabupaten Bandung,1,21/03/20,3,0,2,1
3204,Kabupaten Bandung,2,28/03/20,5,0,2,3
3204,Kabupaten Bandung,3,04/04/20,6,0,2,4
3204,Kabupaten Bandung,4,11/04/20,20,0,2,18
3204,Kabupaten Bandung,5,18/04/20,33,1,2,30
3204,Kabupaten Bandung,6,25/04/20,41,2,2,37
3204,Kabupaten Bandung,7,02/05/20,49,6,4,39
3204,Kabupaten Bandung,8,09/05/20,60,9,4,47
3204,Kabupaten Bandung,9,16/05/20,64,12,4,48
3204,Kabupaten Bandung,10,23/05/20,67,12,4,51
3204,Kabupaten Bandung,11,30/05/20,73,15,5,53
3204,Kabupaten Bandung,12,06/06/20,73,15,5,53
3204,Kabupaten Bandung,13,13/06/20,76,51,5,20
3204,Kabupaten Bandung,14,20/06/20,92,56,5,31
3204,Kabupaten Bandung,15,27/06/20,108,73,5,30
3204,Kabupaten Bandung,16,04/07/20,120,81,5,34
3204,Kabupaten Bandung,17,11/07/20,133,97,5,31
3204,Kabupaten Bandung,18,18/07/20,153,107,5,41
3204,Kabupaten Bandung,19,25/07/20,176,116,5,55
3204,Kabupaten Bandung,20,01/08/20,214,140,5,69
3204,Kabupaten Bandung,21,08/08/20,303,143,6,154
3204,Kabupaten Bandung,22,15/08/20,392,156,6,230
3204,Kabupaten Bandung,23,22/08/20,435,258,7,170
3204,Kabupaten Bandung,24,29/08/20,485,330,8,147
3204,Kabupaten Bandung,25,05/09/20,540,390,12,138
3204,Kabupaten Bandung,26,12/09/20,595,456,12,127
3204,Kabupaten Bandung,27,19/09/20,627,484,12,131
3204,Kabupaten Bandung,28,26/09/20,657,501,12,144
3204,Kabupaten Bandung,29,03/10/20,705,515,12,178
3204,Kabupaten Bandung,30,10/10/20,757,548,12,197
3204,Kabupaten Bandung,31,17/10/20,787,621,15,151
3204,Kabupaten Bandung,32,24/10/20,946,656,15,275
3204,Kabupaten Bandung,33,31/10/20,982,699,15,268
3204,Kabupaten Bandung,34,07/11/20,1134,759,15,360
3204,Kabupaten Bandung,35,14/11/20,1564,906,21,637
3204,Kabupaten Bandung,36,21/11/20,1779,1101,21,657
3204,Kabupaten Bandung,37,28/11/20,2017,1437,21,559
3204,Kabupaten Bandung,38,05/12/20,2295,1761,21,513
3204,Kabupaten Bandung,39,12/12/20,2769,2090,22,657
3204,Kabupaten Bandung,40,19/12/20,3238,2581,22,635
3204,Kabupaten Bandung,41,26/12/20,3504,2627,22,855
3204,Kabupaten Bandung,42,02/01/21,4001,3270,22,709
3204,Kabupaten Bandung,43,09/01/21,4419,3640,22,757
,,,,,,,,,,,,,,,
3205,Kabupaten Garut,1,04/04/20,1,0,0,1
3205,Kabupaten Garut,2,11/04/20,2,0,0,2
3205,Kabupaten Garut,3,18/04/20,3,0,0,3
3205,Kabupaten Garut,4,25/04/20,3,0,0,3
3205,Kabupaten Garut,5,02/05/20,6,0,0,6
3205,Kabupaten Garut,6,09/05/20,6,0,0,6
3205,Kabupaten Garut,7,16/05/20,6,0,0,6
3205,Kabupaten Garut,8,23/05/20,13,0,0,13
3205,Kabupaten Garut,9,30/05/20,15,7,2,6
3205,Kabupaten Garut,10,06/06/20,21,9,3,9
3205,Kabupaten Garut,11,13/06/20,22,9,3,10
3205,Kabupaten Garut,12,20/06/20,24,9,3,12
3205,Kabupaten Garut,13,27/06/20,25,15,3,7
3205,Kabupaten Garut,14,04/07/20,26,15,3,8
3205,Kabupaten Garut,15,11/07/20,26,22,3,1
3205,Kabupaten Garut,16,18/07/20,27,22,3,2
3205,Kabupaten Garut,17,25/07/20,36,22,3,11
3205,Kabupaten Garut,18,01/08/20,37,27,3,7
3205,Kabupaten Garut,19,08/08/20,49,29,3,17
3205,Kabupaten Garut,20,15/08/20,61,32,3,26
3205,Kabupaten Garut,21,22/08/20,78,41,3,34
3205,Kabupaten Garut,22,29/08/20,80,41,3,36
3205,Kabupaten Garut,23,05/09/20,94,58,3,33
3205,Kabupaten Garut,24,12/09/20,98,58,3,37
3205,Kabupaten Garut,25,19/09/20,105,60,3,42
3205,Kabupaten Garut,26,26/09/20,190,116,6,68
3205,Kabupaten Garut,27,03/10/20,246,178,10,58
3205,Kabupaten Garut,28,10/10/20,292,221,12,59
3205,Kabupaten Garut,29,17/10/20,299,231,13,55
3205,Kabupaten Garut,30,24/10/20,305,232,13,60
3205,Kabupaten Garut,31,31/10/20,441,402,15,24
3205,Kabupaten Garut,32,07/11/20,455,412,15,28
3205,Kabupaten Garut,33,14/11/20,467,421,15,31
3205,Kabupaten Garut,34,21/11/20,776,449,15,312
3205,Kabupaten Garut,35,28/11/20,884,478,15,391
3205,Kabupaten Garut,36,05/12/20,1616,767,17,832
3205,Kabupaten Garut,37,12/12/20,2076,1086,25,965
3205,Kabupaten Garut,38,19/12/20,2420,1607,31,782
3205,Kabupaten Garut,39,26/12/20,2497,1928,31,538
3205,Kabupaten Garut,40,02/01/21,2686,2401,31,254
3205,Kabupaten Garut,41,09/01/21,3477,2553,31,893
,,,,,,,,,,,,,,,
3206,Kabupaten Tasikmalaya,1,11/04/20,1,0,0,1
3206,Kabupaten Tasikmalaya,2,18/04/20,1,0,0,1
3206,Kabupaten Tasikmalaya,3,25/04/20,1,0,0,1
3206,Kabupaten Tasikmalaya,4,02/05/20,1,0,0,1
3206,Kabupaten Tasikmalaya,5,09/05/20,2,0,0,2
3206,Kabupaten Tasikmalaya,6,16/05/20,2,0,0,2
3206,Kabupaten Tasikmalaya,7,23/05/20,4,0,0,4
3206,Kabupaten Tasikmalaya,8,30/05/20,5,0,0,5
3206,Kabupaten Tasikmalaya,9,06/06/20,5,0,0,5
3206,Kabupaten Tasikmalaya,10,13/06/20,5,1,0,4
3206,Kabupaten Tasikmalaya,11,20/06/20,5,1,0,4
3206,Kabupaten Tasikmalaya,12,27/06/20,5,3,0,2
3206,Kabupaten Tasikmalaya,13,04/07/20,5,3,0,2
3206,Kabupaten Tasikmalaya,14,11/07/20,8,3,0,5
3206,Kabupaten Tasikmalaya,15,18/07/20,11,3,0,8
3206,Kabupaten Tasikmalaya,16,25/07/20,31,3,0,28
3206,Kabupaten Tasikmalaya,17,01/08/20,34,3,0,31
3206,Kabupaten Tasikmalaya,18,08/08/20,38,3,0,35
3206,Kabupaten Tasikmalaya,19,15/08/20,40,3,0,37
3206,Kabupaten Tasikmalaya,20,22/08/20,41,3,0,38
3206,Kabupaten Tasikmalaya,21,29/08/20,44,3,0,41
3206,Kabupaten Tasikmalaya,22,05/09/20,46,32,2,12
3206,Kabupaten Tasikmalaya,23,12/09/20,49,39,2,8
3206,Kabupaten Tasikmalaya,24,19/09/20,52,39,2,11
3206,Kabupaten Tasikmalaya,25,26/09/20,54,39,2,13
3206,Kabupaten Tasikmalaya,26,03/10/20,57,39,2,16
3206,Kabupaten Tasikmalaya,27,10/10/20,59,41,2,16
3206,Kabupaten Tasikmalaya,28,17/10/20,79,50,2,27
3206,Kabupaten Tasikmalaya,29,24/10/20,100,52,2,46
3206,Kabupaten Tasikmalaya,30,31/10/20,102,55,2,45
3206,Kabupaten Tasikmalaya,31,07/11/20,115,75,2,38
3206,Kabupaten Tasikmalaya,32,14/11/20,132,90,2,40
3206,Kabupaten Tasikmalaya,33,21/11/20,319,113,2,204
3206,Kabupaten Tasikmalaya,34,28/11/20,319,178,2,139
3206,Kabupaten Tasikmalaya,35,05/12/20,321,317,2,2
3206,Kabupaten Tasikmalaya,36,12/12/20,322,318,2,2
3206,Kabupaten Tasikmalaya,37,19/12/20,324,319,2,3
3206,Kabupaten Tasikmalaya,38,26/12/20,324,320,2,2
3206,Kabupaten Tasikmalaya,39,02/01/21,325,322,2,1
3206,Kabupaten Tasikmalaya,40,09/01/21,325,323,2,0
,,,,,,,,,,,,,,,
3207,Kabupaten Ciamis,1,11/04/20,2,0,0,2
3207,Kabupaten Ciamis,2,18/04/20,2,0,0,2
3207,Kabupaten Ciamis,3,25/04/20,3,2,0,1
3207,Kabupaten Ciamis,4,02/05/20,4,2,0,2
3207,Kabupaten Ciamis,5,09/05/20,5,2,0,3
3207,Kabupaten Ciamis,6,16/05/20,6,2,0,4
3207,Kabupaten Ciamis,7,23/05/20,7,2,0,5
3207,Kabupaten Ciamis,8,30/05/20,7,3,0,4
3207,Kabupaten Ciamis,9,06/06/20,7,3,0,4
3207,Kabupaten Ciamis,10,13/06/20,8,4,0,4
3207,Kabupaten Ciamis,11,20/06/20,11,6,1,4
3207,Kabupaten Ciamis,12,27/06/20,13,7,1,5
3207,Kabupaten Ciamis,13,04/07/20,15,7,1,7
3207,Kabupaten Ciamis,14,11/07/20,18,7,1,10
3207,Kabupaten Ciamis,15,18/07/20,19,15,1,3
3207,Kabupaten Ciamis,16,25/07/20,20,18,1,1
3207,Kabupaten Ciamis,17,01/08/20,20,18,1,1
3207,Kabupaten Ciamis,18,08/08/20,21,18,1,2
3207,Kabupaten Ciamis,19,15/08/20,22,18,1,3
3207,Kabupaten Ciamis,20,22/08/20,24,19,1,4
3207,Kabupaten Ciamis,21,29/08/20,30,22,1,7
3207,Kabupaten Ciamis,22,05/09/20,33,27,1,5
3207,Kabupaten Ciamis,23,12/09/20,41,30,2,9
3207,Kabupaten Ciamis,24,19/09/20,51,33,2,16
3207,Kabupaten Ciamis,25,26/09/20,72,37,2,33
3207,Kabupaten Ciamis,26,03/10/20,92,47,5,40
3207,Kabupaten Ciamis,27,10/10/20,127,55,5,67
3207,Kabupaten Ciamis,28,17/10/20,143,84,5,54
3207,Kabupaten Ciamis,29,24/10/20,192,115,6,71
3207,Kabupaten Ciamis,30,31/10/20,207,120,8,79
3207,Kabupaten Ciamis,31,07/11/20,214,131,8,75
3207,Kabupaten Ciamis,32,14/11/20,220,185,9,26
3207,Kabupaten Ciamis,33,21/11/20,295,204,9,82
3207,Kabupaten Ciamis,34,28/11/20,318,214,9,95
3207,Kabupaten Ciamis,35,05/12/20,376,262,9,105
3207,Kabupaten Ciamis,36,12/12/20,404,322,12,70
3207,Kabupaten Ciamis,37,19/12/20,531,388,15,128
3207,Kabupaten Ciamis,38,26/12/20,537,393,16,128
3207,Kabupaten Ciamis,39,02/01/21,807,521,16,270
3207,Kabupaten Ciamis,40,09/01/21,1003,537,16,450
,,,,,,,,,,,,,,,
3208,Kabupaten Kuningan,1,21/03/20,1,0,1,0
3208,Kabupaten Kuningan,2,28/03/20,2,0,1,1
3208,Kabupaten Kuningan,3,04/04/20,2,0,1,1
3208,Kabupaten Kuningan,4,11/04/20,3,0,1,2
3208,Kabupaten Kuningan,5,18/04/20,3,0,1,2
3208,Kabupaten Kuningan,6,25/04/20,5,0,2,3
3208,Kabupaten Kuningan,7,02/05/20,6,1,2,3
3208,Kabupaten Kuningan,8,09/05/20,7,2,2,3
3208,Kabupaten Kuningan,9,16/05/20,7,2,2,3
3208,Kabupaten Kuningan,10,23/05/20,14,2,2,10
3208,Kabupaten Kuningan,11,30/05/20,15,2,2,11
3208,Kabupaten Kuningan,12,06/06/20,15,4,2,9
3208,Kabupaten Kuningan,13,13/06/20,15,4,2,9
3208,Kabupaten Kuningan,14,20/06/20,16,12,2,2
3208,Kabupaten Kuningan,15,27/06/20,16,13,2,1
3208,Kabupaten Kuningan,16,04/07/20,24,14,2,8
3208,Kabupaten Kuningan,17,11/07/20,33,14,2,17
3208,Kabupaten Kuningan,18,18/07/20,40,25,2,13
3208,Kabupaten Kuningan,19,25/07/20,48,25,2,21
3208,Kabupaten Kuningan,20,01/08/20,49,25,2,22
3208,Kabupaten Kuningan,21,08/08/20,68,42,2,24
3208,Kabupaten Kuningan,22,15/08/20,76,57,2,17
3208,Kabupaten Kuningan,23,22/08/20,87,67,2,18
3208,Kabupaten Kuningan,24,29/08/20,112,69,2,41
3208,Kabupaten Kuningan,25,05/09/20,115,74,2,39
3208,Kabupaten Kuningan,26,12/09/20,117,74,2,41
3208,Kabupaten Kuningan,27,19/09/20,189,122,4,63
3208,Kabupaten Kuningan,28,26/09/20,208,152,5,51
3208,Kabupaten Kuningan,29,03/10/20,270,152,5,113
3208,Kabupaten Kuningan,30,10/10/20,685,177,7,501
3208,Kabupaten Kuningan,31,17/10/20,784,296,7,481
3208,Kabupaten Kuningan,32,24/10/20,807,299,7,501
3208,Kabupaten Kuningan,33,31/10/20,862,735,15,112
3208,Kabupaten Kuningan,34,07/11/20,867,799,15,53
3208,Kabupaten Kuningan,35,14/11/20,875,814,15,46
3208,Kabupaten Kuningan,36,21/11/20,891,851,16,24
3208,Kabupaten Kuningan,37,28/11/20,952,859,16,77
3208,Kabupaten Kuningan,38,05/12/20,1059,864,16,179
3208,Kabupaten Kuningan,39,12/12/20,1089,940,16,133
3208,Kabupaten Kuningan,40,19/12/20,1121,1049,16,56
3208,Kabupaten Kuningan,41,26/12/20,1164,1075,16,73
3208,Kabupaten Kuningan,42,02/01/21,1612,1145,16,451
3208,Kabupaten Kuningan,43,09/01/21,1679,1362,16,301
,,,,,,,,,,,,,,,
3209,Kabupaten Cirebon,1,14/03/20,1,0,0,1
3209,Kabupaten Cirebon,2,21/03/20,1,0,0,1
3209,Kabupaten Cirebon,3,28/03/20,1,0,0,1
3209,Kabupaten Cirebon,4,04/04/20,2,0,0,2
3209,Kabupaten Cirebon,5,11/04/20,2,0,0,2
3209,Kabupaten Cirebon,6,18/04/20,3,0,0,3
3209,Kabupaten Cirebon,7,25/04/20,4,2,0,2
3209,Kabupaten Cirebon,8,02/05/20,4,2,0,2
3209,Kabupaten Cirebon,9,09/05/20,6,2,0,4
3209,Kabupaten Cirebon,10,16/05/20,6,4,0,2
3209,Kabupaten Cirebon,11,23/05/20,7,4,1,2
3209,Kabupaten Cirebon,12,30/05/20,7,4,1,2
3209,Kabupaten Cirebon,13,06/06/20,7,4,1,2
3209,Kabupaten Cirebon,14,13/06/20,14,4,1,9
3209,Kabupaten Cirebon,15,20/06/20,14,7,2,5
3209,Kabupaten Cirebon,16,27/06/20,19,7,2,10
3209,Kabupaten Cirebon,17,04/07/20,21,10,2,9
3209,Kabupaten Cirebon,18,11/07/20,21,10,2,9
3209,Kabupaten Cirebon,19,18/07/20,29,17,3,9
3209,Kabupaten Cirebon,20,25/07/20,42,24,4,14
3209,Kabupaten Cirebon,21,01/08/20,43,24,4,15
3209,Kabupaten Cirebon,22,08/08/20,82,24,4,54
3209,Kabupaten Cirebon,23,15/08/20,88,32,5,51
3209,Kabupaten Cirebon,24,22/08/20,91,41,5,45
3209,Kabupaten Cirebon,25,29/08/20,97,42,5,50
3209,Kabupaten Cirebon,26,05/09/20,273,42,5,226
3209,Kabupaten Cirebon,27,12/09/20,275,191,5,79
3209,Kabupaten Cirebon,28,19/09/20,285,191,5,89
3209,Kabupaten Cirebon,29,26/09/20,777,239,30,508
3209,Kabupaten Cirebon,30,03/10/20,890,452,30,408
3209,Kabupaten Cirebon,31,10/10/20,993,591,53,349
3209,Kabupaten Cirebon,32,17/10/20,1047,690,55,302
3209,Kabupaten Cirebon,33,24/10/20,1140,816,58,266
3209,Kabupaten Cirebon,34,31/10/20,1168,923,62,183
3209,Kabupaten Cirebon,35,07/11/20,1179,960,62,157
3209,Kabupaten Cirebon,36,14/11/20,1204,1067,72,65
3209,Kabupaten Cirebon,37,21/11/20,1221,1103,72,46
3209,Kabupaten Cirebon,38,28/11/20,1347,1129,72,146
3209,Kabupaten Cirebon,39,05/12/20,1364,1173,72,119
3209,Kabupaten Cirebon,40,12/12/20,1690,1339,72,279
3209,Kabupaten Cirebon,41,19/12/20,1777,1446,72,259
3209,Kabupaten Cirebon,42,26/12/20,1978,1500,72,406
3209,Kabupaten Cirebon,43,02/01/21,2234,1705,72,457
3209,Kabupaten Cirebon,44,09/01/21,2493,2021,72,400
,,,,,,,,,,,,,,,
3210,Kabupaten Majalengka,1,28/03/20,1,0,0,1
3210,Kabupaten Majalengka,2,04/04/20,1,0,0,1
3210,Kabupaten Majalengka,3,11/04/20,1,0,0,1
3210,Kabupaten Majalengka,4,18/04/20,1,0,0,1
3210,Kabupaten Majalengka,5,25/04/20,2,0,1,1
3210,Kabupaten Majalengka,6,02/05/20,2,0,1,1
3210,Kabupaten Majalengka,7,09/05/20,2,0,1,1
3210,Kabupaten Majalengka,8,16/05/20,2,1,1,0
3210,Kabupaten Majalengka,9,23/05/20,5,1,1,3
3210,Kabupaten Majalengka,10,30/05/20,5,1,1,3
3210,Kabupaten Majalengka,11,06/06/20,5,1,1,3
3210,Kabupaten Majalengka,12,13/06/20,5,1,1,3
3210,Kabupaten Majalengka,13,20/06/20,5,2,1,2
3210,Kabupaten Majalengka,14,27/06/20,5,4,1,0
3210,Kabupaten Majalengka,15,04/07/20,7,4,1,2
3210,Kabupaten Majalengka,16,11/07/20,7,4,1,2
3210,Kabupaten Majalengka,17,18/07/20,8,6,1,1
3210,Kabupaten Majalengka,18,25/07/20,12,6,1,5
3210,Kabupaten Majalengka,19,01/08/20,12,7,1,4
3210,Kabupaten Majalengka,20,08/08/20,34,12,1,21
3210,Kabupaten Majalengka,21,15/08/20,38,18,1,19
3210,Kabupaten Majalengka,22,22/08/20,46,25,2,19
3210,Kabupaten Majalengka,23,29/08/20,67,35,3,29
3210,Kabupaten Majalengka,24,05/09/20,87,40,3,44
3210,Kabupaten Majalengka,25,12/09/20,106,49,3,54
3210,Kabupaten Majalengka,26,19/09/20,110,73,4,33
3210,Kabupaten Majalengka,27,26/09/20,112,92,5,15
3210,Kabupaten Majalengka,28,03/10/20,135,102,5,28
3210,Kabupaten Majalengka,29,10/10/20,167,107,7,53
3210,Kabupaten Majalengka,30,17/10/20,201,133,8,60
3210,Kabupaten Majalengka,31,24/10/20,213,137,9,67
3210,Kabupaten Majalengka,32,31/10/20,226,168,12,46
3210,Kabupaten Majalengka,33,07/11/20,248,186,12,50
3210,Kabupaten Majalengka,34,14/11/20,276,203,15,58
3210,Kabupaten Majalengka,35,21/11/20,288,228,15,45
3210,Kabupaten Majalengka,36,28/11/20,288,261,15,12
3210,Kabupaten Majalengka,37,05/12/20,657,272,30,355
3210,Kabupaten Majalengka,38,12/12/20,990,373,30,587
3210,Kabupaten Majalengka,39,19/12/20,1070,698,30,342
3210,Kabupaten Majalengka,40,26/12/20,1188,927,30,231
3210,Kabupaten Majalengka,41,02/01/21,1297,1063,30,204
3210,Kabupaten Majalengka,42,09/01/21,1459,1185,30,244
,,,,,,,,,,,,,,,
3211,Kabupaten Sumedang,1,28/03/20,1,0,0,1
3211,Kabupaten Sumedang,2,04/04/20,1,0,0,1
3211,Kabupaten Sumedang,3,11/04/20,2,0,0,2
3211,Kabupaten Sumedang,4,18/04/20,2,0,0,2
3211,Kabupaten Sumedang,5,25/04/20,6,0,0,6
3211,Kabupaten Sumedang,6,02/05/20,6,0,0,6
3211,Kabupaten Sumedang,7,09/05/20,6,1,0,5
3211,Kabupaten Sumedang,8,16/05/20,7,1,0,6
3211,Kabupaten Sumedang,9,23/05/20,8,1,0,7
3211,Kabupaten Sumedang,10,30/05/20,10,3,0,7
3211,Kabupaten Sumedang,11,06/06/20,10,5,0,5
3211,Kabupaten Sumedang,12,13/06/20,10,5,0,5
3211,Kabupaten Sumedang,13,20/06/20,11,8,0,3
3211,Kabupaten Sumedang,14,27/06/20,11,8,0,3
3211,Kabupaten Sumedang,15,04/07/20,11,8,0,3
3211,Kabupaten Sumedang,16,11/07/20,13,8,0,5
3211,Kabupaten Sumedang,17,18/07/20,16,10,0,6
3211,Kabupaten Sumedang,18,25/07/20,18,14,0,4
3211,Kabupaten Sumedang,19,01/08/20,29,14,0,15
3211,Kabupaten Sumedang,20,08/08/20,33,15,0,18
3211,Kabupaten Sumedang,21,15/08/20,52,17,0,35
3211,Kabupaten Sumedang,22,22/08/20,54,41,1,12
3211,Kabupaten Sumedang,23,29/08/20,64,41,1,22
3211,Kabupaten Sumedang,24,05/09/20,68,53,1,14
3211,Kabupaten Sumedang,25,12/09/20,70,53,1,16
3211,Kabupaten Sumedang,26,19/09/20,82,60,1,21
3211,Kabupaten Sumedang,27,26/09/20,82,60,1,21
3211,Kabupaten Sumedang,28,03/10/20,82,60,1,21
3211,Kabupaten Sumedang,29,10/10/20,82,64,1,17
3211,Kabupaten Sumedang,30,17/10/20,181,162,6,13
3211,Kabupaten Sumedang,31,24/10/20,193,162,6,25
3211,Kabupaten Sumedang,32,31/10/20,193,162,6,25
3211,Kabupaten Sumedang,33,07/11/20,223,213,8,2
3211,Kabupaten Sumedang,34,14/11/20,223,214,8,1
3211,Kabupaten Sumedang,35,21/11/20,331,297,10,24
3211,Kabupaten Sumedang,36,28/11/20,333,298,10,25
3211,Kabupaten Sumedang,37,05/12/20,445,352,13,80
3211,Kabupaten Sumedang,38,12/12/20,572,459,16,97
3211,Kabupaten Sumedang,39,19/12/20,742,496,19,227
3211,Kabupaten Sumedang,40,26/12/20,876,659,21,196
3211,Kabupaten Sumedang,41,02/01/21,1020,725,21,274
3211,Kabupaten Sumedang,42,09/01/21,1126,889,23,214
,,,,,,,,,,,,,,,
3212,Kabupaten Indramayu,1,11/04/20,1,0,0,1
3212,Kabupaten Indramayu,2,18/04/20,1,0,0,1
3212,Kabupaten Indramayu,3,25/04/20,2,1,0,1
3212,Kabupaten Indramayu,4,02/05/20,5,1,1,3
3212,Kabupaten Indramayu,5,09/05/20,6,1,2,3
3212,Kabupaten Indramayu,6,16/05/20,12,1,2,9
3212,Kabupaten Indramayu,7,23/05/20,15,1,2,12
3212,Kabupaten Indramayu,8,30/05/20,16,1,2,13
3212,Kabupaten Indramayu,9,06/06/20,16,6,2,8
3212,Kabupaten Indramayu,10,13/06/20,22,8,2,12
3212,Kabupaten Indramayu,11,20/06/20,24,8,3,13
3212,Kabupaten Indramayu,12,27/06/20,24,8,3,13
3212,Kabupaten Indramayu,13,04/07/20,38,8,3,27
3212,Kabupaten Indramayu,14,11/07/20,38,22,4,12
3212,Kabupaten Indramayu,15,18/07/20,42,32,4,6
3212,Kabupaten Indramayu,16,25/07/20,42,36,4,2
3212,Kabupaten Indramayu,17,01/08/20,51,38,4,9
3212,Kabupaten Indramayu,18,08/08/20,52,42,4,6
3212,Kabupaten Indramayu,19,15/08/20,55,43,4,8
3212,Kabupaten Indramayu,20,22/08/20,56,43,4,9
3212,Kabupaten Indramayu,21,29/08/20,57,43,4,10
3212,Kabupaten Indramayu,22,05/09/20,57,43,4,10
3212,Kabupaten Indramayu,23,12/09/20,108,64,6,38
3212,Kabupaten Indramayu,24,19/09/20,130,90,7,33
3212,Kabupaten Indramayu,25,26/09/20,150,108,7,35
3212,Kabupaten Indramayu,26,03/10/20,155,108,7,40
3212,Kabupaten Indramayu,27,10/10/20,157,109,7,41
3212,Kabupaten Indramayu,28,17/10/20,163,123,7,33
3212,Kabupaten Indramayu,29,24/10/20,168,143,7,18
3212,Kabupaten Indramayu,30,31/10/20,170,148,7,15
3212,Kabupaten Indramayu,31,07/11/20,174,154,7,13
3212,Kabupaten Indramayu,32,14/11/20,239,159,7,73
3212,Kabupaten Indramayu,33,21/11/20,302,166,7,129
3212,Kabupaten Indramayu,34,28/11/20,676,262,10,404
3212,Kabupaten Indramayu,35,05/12/20,785,427,10,348
3212,Kabupaten Indramayu,36,12/12/20,787,666,10,111
3212,Kabupaten Indramayu,37,19/12/20,788,775,10,3
3212,Kabupaten Indramayu,38,26/12/20,788,778,10,0
3212,Kabupaten Indramayu,39,02/01/21,788,778,10,0
3212,Kabupaten Indramayu,40,09/01/21,788,778,10,0
,,,,,,,,,,,,,,,
3213,Kabupaten Subang,1,11/04/20,1,0,0,1
3213,Kabupaten Subang,2,18/04/20,2,0,0,2
3213,Kabupaten Subang,3,25/04/20,14,0,1,13
3213,Kabupaten Subang,4,02/05/20,15,0,1,14
3213,Kabupaten Subang,5,09/05/20,24,1,1,22
3213,Kabupaten Subang,6,16/05/20,32,1,1,30
3213,Kabupaten Subang,7,23/05/20,37,5,1,31
3213,Kabupaten Subang,8,30/05/20,38,6,2,30
3213,Kabupaten Subang,9,06/06/20,40,8,2,30
3213,Kabupaten Subang,10,13/06/20,52,17,2,33
3213,Kabupaten Subang,11,20/06/20,56,17,2,37
3213,Kabupaten Subang,12,27/06/20,56,17,2,37
3213,Kabupaten Subang,13,04/07/20,56,17,2,37
3213,Kabupaten Subang,14,11/07/20,61,17,2,42
3213,Kabupaten Subang,15,18/07/20,67,17,2,48
3213,Kabupaten Subang,16,25/07/20,69,17,2,50
3213,Kabupaten Subang,17,01/08/20,92,75,4,13
3213,Kabupaten Subang,18,08/08/20,94,76,5,13
3213,Kabupaten Subang,19,15/08/20,120,78,5,37
3213,Kabupaten Subang,20,22/08/20,141,80,5,56
3213,Kabupaten Subang,21,29/08/20,146,81,5,60
3213,Kabupaten Subang,22,05/09/20,147,81,5,61
3213,Kabupaten Subang,23,12/09/20,205,146,6,53
3213,Kabupaten Subang,24,19/09/20,242,192,6,44
3213,Kabupaten Subang,25,26/09/20,246,221,12,13
3213,Kabupaten Subang,26,03/10/20,253,221,12,20
3213,Kabupaten Subang,27,10/10/20,255,223,12,20
3213,Kabupaten Subang,28,17/10/20,258,230,12,16
3213,Kabupaten Subang,29,24/10/20,284,237,12,35
3213,Kabupaten Subang,30,31/10/20,289,243,12,34
3213,Kabupaten Subang,31,07/11/20,311,245,12,54
3213,Kabupaten Subang,32,14/11/20,361,270,13,78
3213,Kabupaten Subang,33,21/11/20,381,295,13,73
3213,Kabupaten Subang,34,28/11/20,433,344,14,75
3213,Kabupaten Subang,35,05/12/20,464,356,14,94
3213,Kabupaten Subang,36,12/12/20,465,450,14,1
3213,Kabupaten Subang,37,19/12/20,470,450,14,6
3213,Kabupaten Subang,38,26/12/20,495,451,14,30
3213,Kabupaten Subang,39,02/01/21,495,481,14,0
3213,Kabupaten Subang,40,09/01/21,603,481,14,108
,,,,,,,,,,,,,,,
3214,Kabupaten Purwakarta,1,14/03/20,1,0,0,1
3214,Kabupaten Purwakarta,2,21/03/20,1,1,0,0
3214,Kabupaten Purwakarta,3,28/03/20,2,1,0,1
3214,Kabupaten Purwakarta,4,04/04/20,2,1,0,1
3214,Kabupaten Purwakarta,5,11/04/20,6,1,0,5
3214,Kabupaten Purwakarta,6,18/04/20,7,1,0,6
3214,Kabupaten Purwakarta,7,25/04/20,11,4,0,7
3214,Kabupaten Purwakarta,8,02/05/20,14,4,0,10
3214,Kabupaten Purwakarta,9,09/05/20,19,5,0,14
3214,Kabupaten Purwakarta,10,16/05/20,20,6,0,14
3214,Kabupaten Purwakarta,11,23/05/20,26,8,0,18
3214,Kabupaten Purwakarta,12,30/05/20,27,12,0,15
3214,Kabupaten Purwakarta,13,06/06/20,27,18,1,8
3214,Kabupaten Purwakarta,14,13/06/20,27,24,1,2
3214,Kabupaten Purwakarta,15,20/06/20,27,25,1,1
3214,Kabupaten Purwakarta,16,27/06/20,28,25,1,2
3214,Kabupaten Purwakarta,17,04/07/20,31,26,1,4
3214,Kabupaten Purwakarta,18,11/07/20,41,28,1,12
3214,Kabupaten Purwakarta,19,18/07/20,47,29,1,17
3214,Kabupaten Purwakarta,20,25/07/20,53,36,1,16
3214,Kabupaten Purwakarta,21,01/08/20,60,38,1,21
3214,Kabupaten Purwakarta,22,08/08/20,71,38,1,32
3214,Kabupaten Purwakarta,23,15/08/20,86,38,1,47
3214,Kabupaten Purwakarta,24,22/08/20,100,38,1,61
3214,Kabupaten Purwakarta,25,29/08/20,111,38,1,72
3214,Kabupaten Purwakarta,26,05/09/20,113,89,1,23
3214,Kabupaten Purwakarta,27,12/09/20,117,89,1,27
3214,Kabupaten Purwakarta,28,19/09/20,117,89,1,27
3214,Kabupaten Purwakarta,29,26/09/20,126,107,1,18
3214,Kabupaten Purwakarta,30,03/10/20,251,212,1,38
3214,Kabupaten Purwakarta,31,10/10/20,267,216,7,44
3214,Kabupaten Purwakarta,32,17/10/20,279,217,7,55
3214,Kabupaten Purwakarta,33,24/10/20,333,236,7,90
3214,Kabupaten Purwakarta,34,31/10/20,358,257,7,94
3214,Kabupaten Purwakarta,35,07/11/20,383,269,7,107
3214,Kabupaten Purwakarta,36,14/11/20,518,342,9,167
3214,Kabupaten Purwakarta,37,21/11/20,817,449,26,342
3214,Kabupaten Purwakarta,38,28/11/20,1085,555,29,501
3214,Kabupaten Purwakarta,39,05/12/20,1189,807,33,349
3214,Kabupaten Purwakarta,40,12/12/20,1331,1121,38,172
3214,Kabupaten Purwakarta,41,19/12/20,1493,1211,40,242
3214,Kabupaten Purwakarta,42,26/12/20,1582,1273,42,267
3214,Kabupaten Purwakarta,43,02/01/21,1663,1460,42,161
3214,Kabupaten Purwakarta,44,09/01/21,1705,1577,42,86
,,,,,,,,,,,,,,,
3215,Kabupaten Karawang,1,04/04/20,8,0,0,8
3215,Kabupaten Karawang,2,11/04/20,8,0,0,8
3215,Kabupaten Karawang,3,18/04/20,9,4,0,5
3215,Kabupaten Karawang,4,25/04/20,9,5,0,4
3215,Kabupaten Karawang,5,02/05/20,9,8,0,1
3215,Kabupaten Karawang,6,09/05/20,11,11,0,0
3215,Kabupaten Karawang,7,16/05/20,11,11,0,0
3215,Kabupaten Karawang,8,23/05/20,20,14,0,6
3215,Kabupaten Karawang,9,30/05/20,20,20,0,0
3215,Kabupaten Karawang,10,06/06/20,20,20,0,0
3215,Kabupaten Karawang,11,13/06/20,20,20,0,0
3215,Kabupaten Karawang,12,20/06/20,25,20,0,5
3215,Kabupaten Karawang,13,27/06/20,34,20,0,14
3215,Kabupaten Karawang,14,04/07/20,37,23,0,14
3215,Kabupaten Karawang,15,11/07/20,50,27,0,23
3215,Kabupaten Karawang,16,18/07/20,60,39,0,21
3215,Kabupaten Karawang,17,25/07/20,70,45,0,25
3215,Kabupaten Karawang,18,01/08/20,97,52,1,44
3215,Kabupaten Karawang,19,08/08/20,116,75,1,40
3215,Kabupaten Karawang,20,15/08/20,151,99,4,48
3215,Kabupaten Karawang,21,22/08/20,172,120,7,45
3215,Kabupaten Karawang,22,29/08/20,230,137,10,83
3215,Kabupaten Karawang,23,05/09/20,295,168,10,117
3215,Kabupaten Karawang,24,12/09/20,377,208,13,156
3215,Kabupaten Karawang,25,19/09/20,532,282,18,232
3215,Kabupaten Karawang,26,26/09/20,624,401,19,204
3215,Kabupaten Karawang,27,03/10/20,836,463,20,353
3215,Kabupaten Karawang,28,10/10/20,980,656,33,291
3215,Kabupaten Karawang,29,17/10/20,1160,767,37,356
3215,Kabupaten Karawang,30,24/10/20,1298,844,38,416
3215,Kabupaten Karawang,31,31/10/20,1442,907,38,497
3215,Kabupaten Karawang,32,07/11/20,1615,1070,38,507
3215,Kabupaten Karawang,33,14/11/20,1830,1218,41,571
3215,Kabupaten Karawang,34,21/11/20,2132,1520,54,558
3215,Kabupaten Karawang,35,28/11/20,2531,1917,63,551
3215,Kabupaten Karawang,36,05/12/20,3008,2259,79,670
3215,Kabupaten Karawang,37,12/12/20,3637,2775,101,761
3215,Kabupaten Karawang,38,19/12/20,4300,3183,114,1003
3215,Kabupaten Karawang,39,26/12/20,5123,3482,117,1524
3215,Kabupaten Karawang,40,02/01/21,5910,4593,117,1200
3215,Kabupaten Karawang,41,09/01/21,7045,5849,117,1079
,,,,,,,,,,,,,,,
3216,Kabupaten Bekasi,1,07/03/20,1,0,0,1
3216,Kabupaten Bekasi,2,14/03/20,3,0,2,1
3216,Kabupaten Bekasi,3,21/03/20,6,0,2,4
3216,Kabupaten Bekasi,4,28/03/20,16,0,3,13
3216,Kabupaten Bekasi,5,04/04/20,27,2,3,22
3216,Kabupaten Bekasi,6,11/04/20,34,4,3,27
3216,Kabupaten Bekasi,7,18/04/20,39,11,7,21
3216,Kabupaten Bekasi,8,25/04/20,62,22,7,33
3216,Kabupaten Bekasi,9,02/05/20,68,30,7,31
3216,Kabupaten Bekasi,10,09/05/20,90,30,8,52
3216,Kabupaten Bekasi,11,16/05/20,102,43,9,50
3216,Kabupaten Bekasi,12,23/05/20,132,44,9,79
3216,Kabupaten Bekasi,13,30/05/20,191,59,9,123
3216,Kabupaten Bekasi,14,06/06/20,197,119,15,63
3216,Kabupaten Bekasi,15,13/06/20,209,143,15,51
3216,Kabupaten Bekasi,16,20/06/20,233,165,20,48
3216,Kabupaten Bekasi,17,27/06/20,237,173,20,44
3216,Kabupaten Bekasi,18,04/07/20,255,195,21,39
3216,Kabupaten Bekasi,19,11/07/20,260,195,21,44
3216,Kabupaten Bekasi,20,18/07/20,306,204,21,81
3216,Kabupaten Bekasi,21,25/07/20,338,240,25,73
3216,Kabupaten Bekasi,22,01/08/20,400,262,26,112
3216,Kabupaten Bekasi,23,08/08/20,455,286,30,139
3216,Kabupaten Bekasi,24,15/08/20,535,333,31,171
3216,Kabupaten Bekasi,25,22/08/20,635,366,32,237
3216,Kabupaten Bekasi,26,29/08/20,1002,411,32,559
3216,Kabupaten Bekasi,27,05/09/20,1187,448,40,699
3216,Kabupaten Bekasi,28,12/09/20,1503,530,40,933
3216,Kabupaten Bekasi,29,19/09/20,1714,1097,41,576
3216,Kabupaten Bekasi,30,26/09/20,2192,1272,43,877
3216,Kabupaten Bekasi,31,03/10/20,2667,1509,43,1115
3216,Kabupaten Bekasi,32,10/10/20,3048,2133,44,871
3216,Kabupaten Bekasi,33,17/10/20,3655,2586,52,1017
3216,Kabupaten Bekasi,34,24/10/20,4048,2829,54,1165
3216,Kabupaten Bekasi,35,31/10/20,4541,3008,56,1477
3216,Kabupaten Bekasi,36,07/11/20,4927,3211,56,1660
3216,Kabupaten Bekasi,37,14/11/20,5431,3895,56,1480
3216,Kabupaten Bekasi,38,21/11/20,5478,4789,56,633
3216,Kabupaten Bekasi,39,28/11/20,5490,5289,57,144
3216,Kabupaten Bekasi,40,05/12/20,5490,5416,57,17
3216,Kabupaten Bekasi,41,12/12/20,6430,5629,59,742
3216,Kabupaten Bekasi,42,19/12/20,7445,5744,59,1642
3216,Kabupaten Bekasi,43,26/12/20,8046,7134,59,853
3216,Kabupaten Bekasi,44,02/01/21,8648,7411,59,1178
3216,Kabupaten Bekasi,45,09/01/21,9687,8157,59,1471
,,,,,,,,,,,,,,,
3217,Kabupaten Bandung Barat,1,21/03/20,1,0,0,1
3217,Kabupaten Bandung Barat,2,28/03/20,2,0,2,0
3217,Kabupaten Bandung Barat,3,04/04/20,3,0,2,1
3217,Kabupaten Bandung Barat,4,11/04/20,15,0,2,13
3217,Kabupaten Bandung Barat,5,18/04/20,21,0,2,19
3217,Kabupaten Bandung Barat,6,25/04/20,25,0,2,23
3217,Kabupaten Bandung Barat,7,02/05/20,26,0,2,24
3217,Kabupaten Bandung Barat,8,09/05/20,36,3,2,31
3217,Kabupaten Bandung Barat,9,16/05/20,40,4,2,34
3217,Kabupaten Bandung Barat,10,23/05/20,50,9,2,39
3217,Kabupaten Bandung Barat,11,30/05/20,51,9,2,40
3217,Kabupaten Bandung Barat,12,06/06/20,52,18,2,32
3217,Kabupaten Bandung Barat,13,13/06/20,54,20,2,32
3217,Kabupaten Bandung Barat,14,20/06/20,57,39,2,16
3217,Kabupaten Bandung Barat,15,27/06/20,68,50,2,16
3217,Kabupaten Bandung Barat,16,04/07/20,75,55,2,18
3217,Kabupaten Bandung Barat,17,11/07/20,80,62,4,14
3217,Kabupaten Bandung Barat,18,18/07/20,88,65,4,19
3217,Kabupaten Bandung Barat,19,25/07/20,100,67,4,29
3217,Kabupaten Bandung Barat,20,01/08/20,108,70,4,34
3217,Kabupaten Bandung Barat,21,08/08/20,122,73,4,45
3217,Kabupaten Bandung Barat,22,15/08/20,147,77,4,66
3217,Kabupaten Bandung Barat,23,22/08/20,148,83,4,61
3217,Kabupaten Bandung Barat,24,29/08/20,168,84,4,80
3217,Kabupaten Bandung Barat,25,05/09/20,187,84,4,99
3217,Kabupaten Bandung Barat,26,12/09/20,197,86,4,107
3217,Kabupaten Bandung Barat,27,19/09/20,208,134,6,68
3217,Kabupaten Bandung Barat,28,26/09/20,221,169,6,46
3217,Kabupaten Bandung Barat,29,03/10/20,301,181,6,114
3217,Kabupaten Bandung Barat,30,10/10/20,317,190,6,121
3217,Kabupaten Bandung Barat,31,17/10/20,338,203,6,129
3217,Kabupaten Bandung Barat,32,24/10/20,404,211,6,187
3217,Kabupaten Bandung Barat,33,31/10/20,431,295,6,130
3217,Kabupaten Bandung Barat,34,07/11/20,456,321,6,129
3217,Kabupaten Bandung Barat,35,14/11/20,483,388,6,89
3217,Kabupaten Bandung Barat,36,21/11/20,551,433,7,111
3217,Kabupaten Bandung Barat,37,28/11/20,679,468,10,201
3217,Kabupaten Bandung Barat,38,05/12/20,866,571,13,282
3217,Kabupaten Bandung Barat,39,12/12/20,1045,822,13,210
3217,Kabupaten Bandung Barat,40,19/12/20,1184,944,14,226
3217,Kabupaten Bandung Barat,41,26/12/20,1332,1031,16,285
3217,Kabupaten Bandung Barat,42,02/01/21,1452,1235,16,201
3217,Kabupaten Bandung Barat,43,09/01/21,1657,1329,17,311
,,,,,,,,,,,,,,,
3218,Kabupaten Pangandaran,1,02/05/20,1,0,0,1
3218,Kabupaten Pangandaran,2,09/05/20,1,0,0,1
3218,Kabupaten Pangandaran,3,16/05/20,2,0,0,2
3218,Kabupaten Pangandaran,4,23/05/20,2,1,0,1
3218,Kabupaten Pangandaran,5,30/05/20,3,1,0,2
3218,Kabupaten Pangandaran,6,06/06/20,3,1,0,2
3218,Kabupaten Pangandaran,7,13/06/20,5,2,0,3
3218,Kabupaten Pangandaran,8,20/06/20,9,3,0,6
3218,Kabupaten Pangandaran,9,27/06/20,9,3,0,6
3218,Kabupaten Pangandaran,10,04/07/20,17,7,0,10
3218,Kabupaten Pangandaran,11,11/07/20,17,10,0,7
3218,Kabupaten Pangandaran,12,18/07/20,20,17,0,3
3218,Kabupaten Pangandaran,13,25/07/20,21,21,0,0
3218,Kabupaten Pangandaran,14,01/08/20,22,22,0,0
3218,Kabupaten Pangandaran,15,08/08/20,22,22,0,0
3218,Kabupaten Pangandaran,16,15/08/20,29,23,0,6
3218,Kabupaten Pangandaran,17,22/08/20,36,25,0,11
3218,Kabupaten Pangandaran,18,29/08/20,42,36,0,6
3218,Kabupaten Pangandaran,19,05/09/20,59,48,0,11
3218,Kabupaten Pangandaran,20,12/09/20,61,60,0,1
3218,Kabupaten Pangandaran,21,19/09/20,61,60,0,1
3218,Kabupaten Pangandaran,22,26/09/20,65,62,0,3
3218,Kabupaten Pangandaran,23,03/10/20,67,62,0,5
3218,Kabupaten Pangandaran,24,10/10/20,69,65,0,4
3218,Kabupaten Pangandaran,25,17/10/20,70,68,0,2
3218,Kabupaten Pangandaran,26,24/10/20,72,68,0,4
3218,Kabupaten Pangandaran,27,31/10/20,87,73,0,14
3218,Kabupaten Pangandaran,28,07/11/20,98,78,1,19
3218,Kabupaten Pangandaran,29,14/11/20,112,79,1,32
3218,Kabupaten Pangandaran,30,21/11/20,135,94,1,40
3218,Kabupaten Pangandaran,31,28/11/20,135,111,1,23
3218,Kabupaten Pangandaran,32,05/12/20,135,133,1,1
3218,Kabupaten Pangandaran,33,12/12/20,135,134,1,0
3218,Kabupaten Pangandaran,34,19/12/20,135,134,1,0
3218,Kabupaten Pangandaran,35,26/12/20,135,134,1,0
3218,Kabupaten Pangandaran,36,02/01/21,135,134,1,0
3218,Kabupaten Pangandaran,37,09/01/21,135,134,1,0
,,,,,,,,,,,,,,,
3271,Kota Bogor,1,21/03/20,4,0,0,4
3271,Kota Bogor,2,28/03/20,7,1,2,4
3271,Kota Bogor,3,04/04/20,38,1,6,31
3271,Kota Bogor,4,11/04/20,47,1,6,40
3271,Kota Bogor,5,18/04/20,55,3,6,46
3271,Kota Bogor,6,25/04/20,63,7,9,47
3271,Kota Bogor,7,02/05/20,66,7,9,50
3271,Kota Bogor,8,09/05/20,82,18,12,52
3271,Kota Bogor,9,16/05/20,86,18,12,56
3271,Kota Bogor,10,23/05/20,109,27,12,70
3271,Kota Bogor,11,30/05/20,112,28,13,71
3271,Kota Bogor,12,06/06/20,119,43,13,63
3271,Kota Bogor,13,13/06/20,127,55,13,59
3271,Kota Bogor,14,20/06/20,147,69,13,65
3271,Kota Bogor,15,27/06/20,152,82,13,57
3271,Kota Bogor,16,04/07/20,158,82,13,63
3271,Kota Bogor,17,11/07/20,192,101,15,76
3271,Kota Bogor,18,18/07/20,196,135,15,46
3271,Kota Bogor,19,25/07/20,240,154,16,70
3271,Kota Bogor,20,01/08/20,268,175,18,75
3271,Kota Bogor,21,08/08/20,289,184,18,87
3271,Kota Bogor,22,15/08/20,355,184,18,153
3271,Kota Bogor,23,22/08/20,421,216,21,184
3271,Kota Bogor,24,29/08/20,522,254,21,247
3271,Kota Bogor,25,05/09/20,583,258,21,304
3271,Kota Bogor,26,12/09/20,696,398,21,277
3271,Kota Bogor,27,19/09/20,791,423,21,347
3271,Kota Bogor,28,26/09/20,984,536,30,418
3271,Kota Bogor,29,03/10/20,1305,649,39,617
3271,Kota Bogor,30,10/10/20,1586,1007,39,540
3271,Kota Bogor,31,17/10/20,1730,1083,39,608
3271,Kota Bogor,32,24/10/20,1882,1198,39,645
3271,Kota Bogor,33,31/10/20,2000,1416,39,545
3271,Kota Bogor,34,07/11/20,2169,1627,39,503
3271,Kota Bogor,35,14/11/20,2444,1801,39,604
3271,Kota Bogor,36,21/11/20,2489,2077,39,373
3271,Kota Bogor,37,28/11/20,2494,2364,39,91
3271,Kota Bogor,38,05/12/20,2810,2410,39,361
3271,Kota Bogor,39,12/12/20,2941,2599,39,303
3271,Kota Bogor,40,19/12/20,3545,2809,42,694
3271,Kota Bogor,41,26/12/20,3576,3053,42,481
3271,Kota Bogor,42,02/01/21,3632,3433,42,157
3271,Kota Bogor,43,09/01/21,3633,3552,42,39
,,,,,,,,,,,,,,,
3272,Kota Sukabumi,1,11/04/20,5,0,0,5
3272,Kota Sukabumi,2,18/04/20,20,1,0,19
3272,Kota Sukabumi,3,25/04/20,26,1,0,25
3272,Kota Sukabumi,4,02/05/20,27,3,0,24
3272,Kota Sukabumi,5,09/05/20,35,5,0,30
3272,Kota Sukabumi,6,16/05/20,39,5,0,34
3272,Kota Sukabumi,7,23/05/20,44,9,0,35
3272,Kota Sukabumi,8,30/05/20,44,13,0,31
3272,Kota Sukabumi,9,06/06/20,44,21,0,23
3272,Kota Sukabumi,10,13/06/20,45,24,0,21
3272,Kota Sukabumi,11,20/06/20,46,29,0,17
3272,Kota Sukabumi,12,27/06/20,47,30,0,17
3272,Kota Sukabumi,13,04/07/20,66,53,0,13
3272,Kota Sukabumi,14,11/07/20,68,54,0,14
3272,Kota Sukabumi,15,18/07/20,74,54,0,20
3272,Kota Sukabumi,16,25/07/20,74,69,0,5
3272,Kota Sukabumi,17,01/08/20,74,72,0,2
3272,Kota Sukabumi,18,08/08/20,85,74,0,11
3272,Kota Sukabumi,19,15/08/20,113,97,0,16
3272,Kota Sukabumi,20,22/08/20,121,113,0,8
3272,Kota Sukabumi,21,29/08/20,127,118,0,9
3272,Kota Sukabumi,22,05/09/20,138,118,0,20
3272,Kota Sukabumi,23,12/09/20,174,127,0,47
3272,Kota Sukabumi,24,19/09/20,225,166,0,59
3272,Kota Sukabumi,25,26/09/20,243,176,1,66
3272,Kota Sukabumi,26,03/10/20,260,220,3,37
3272,Kota Sukabumi,27,10/10/20,318,235,4,79
3272,Kota Sukabumi,28,17/10/20,366,284,4,78
3272,Kota Sukabumi,29,24/10/20,376,292,4,80
3272,Kota Sukabumi,30,31/10/20,404,293,4,107
3272,Kota Sukabumi,31,07/11/20,411,359,5,47
3272,Kota Sukabumi,32,14/11/20,420,383,5,32
3272,Kota Sukabumi,33,21/11/20,453,411,6,36
3272,Kota Sukabumi,34,28/11/20,594,421,9,164
3272,Kota Sukabumi,35,05/12/20,643,447,10,186
3272,Kota Sukabumi,36,12/12/20,810,633,10,167
3272,Kota Sukabumi,37,19/12/20,936,633,10,293
3272,Kota Sukabumi,38,26/12/20,936,705,10,221
3272,Kota Sukabumi,39,02/01/21,936,926,10,0
3272,Kota Sukabumi,40,09/01/21,1051,926,10,115
,,,,,,,,,,,,,,,
3273,Kota Bandung,1,21/03/20,3,1,0,2
3273,Kota Bandung,2,28/03/20,8,2,1,5
3273,Kota Bandung,3,04/04/20,66,11,20,35
3273,Kota Bandung,4,11/04/20,93,13,25,55
3273,Kota Bandung,5,18/04/20,135,17,26,92
3273,Kota Bandung,6,25/04/20,172,20,27,125
3273,Kota Bandung,7,02/05/20,234,21,32,181
3273,Kota Bandung,8,09/05/20,249,38,34,177
3273,Kota Bandung,9,16/05/20,282,62,36,184
3273,Kota Bandung,10,23/05/20,296,90,38,168
3273,Kota Bandung,11,30/05/20,303,107,38,158
3273,Kota Bandung,12,06/06/20,319,138,40,141
3273,Kota Bandung,13,13/06/20,360,182,40,138
3273,Kota Bandung,14,20/06/20,381,228,40,113
3273,Kota Bandung,15,27/06/20,394,245,40,109
3273,Kota Bandung,16,04/07/20,405,265,41,99
3273,Kota Bandung,17,11/07/20,419,323,41,55
3273,Kota Bandung,18,18/07/20,448,374,43,31
3273,Kota Bandung,19,25/07/20,483,403,43,37
3273,Kota Bandung,20,01/08/20,500,426,43,31
3273,Kota Bandung,21,08/08/20,535,443,43,49
3273,Kota Bandung,22,15/08/20,656,547,45,64
3273,Kota Bandung,23,22/08/20,707,590,48,69
3273,Kota Bandung,24,29/08/20,764,633,49,82
3273,Kota Bandung,25,05/09/20,827,688,49,90
3273,Kota Bandung,26,12/09/20,958,717,51,190
3273,Kota Bandung,27,19/09/20,1092,846,53,193
3273,Kota Bandung,28,26/09/20,1227,1033,55,139
3273,Kota Bandung,29,03/10/20,1367,1150,59,158
3273,Kota Bandung,30,10/10/20,1556,1251,64,241
3273,Kota Bandung,31,17/10/20,1707,1466,70,171
3273,Kota Bandung,32,24/10/20,1860,1533,79,248
3273,Kota Bandung,33,31/10/20,2015,1703,84,228
3273,Kota Bandung,34,07/11/20,2181,1888,91,202
3273,Kota Bandung,35,14/11/20,2399,2035,98,266
3273,Kota Bandung,36,21/11/20,2839,2391,109,339
3273,Kota Bandung,37,28/11/20,3384,2679,113,592
3273,Kota Bandung,38,05/12/20,4014,3186,121,707
3273,Kota Bandung,39,12/12/20,4558,3540,134,884
3273,Kota Bandung,40,19/12/20,5019,4218,147,654
3273,Kota Bandung,41,26/12/20,5419,4645,154,620
3273,Kota Bandung,42,02/01/21,5758,5022,154,582
3273,Kota Bandung,43,09/01/21,6164,5350,157,657
,,,,,,,,,,,,,,,
3274,Kota Cirebon,1,11/04/20,1,0,0,1
3274,Kota Cirebon,2,18/04/20,1,0,1,0
3274,Kota Cirebon,3,25/04/20,1,0,1,0
3274,Kota Cirebon,4,02/05/20,2,0,1,1
3274,Kota Cirebon,5,09/05/20,2,0,1,1
3274,Kota Cirebon,6,16/05/20,2,0,1,1
3274,Kota Cirebon,7,23/05/20,7,1,1,5
3274,Kota Cirebon,8,30/05/20,7,1,1,5
3274,Kota Cirebon,9,06/06/20,7,5,1,1
3274,Kota Cirebon,10,13/06/20,7,5,1,1
3274,Kota Cirebon,11,20/06/20,7,6,1,0
3274,Kota Cirebon,12,27/06/20,9,6,1,2
3274,Kota Cirebon,13,04/07/20,25,6,1,18
3274,Kota Cirebon,14,11/07/20,28,6,1,21
3274,Kota Cirebon,15,18/07/20,29,18,2,9
3274,Kota Cirebon,16,25/07/20,30,18,2,10
3274,Kota Cirebon,17,01/08/20,33,18,2,13
3274,Kota Cirebon,18,08/08/20,46,24,2,20
3274,Kota Cirebon,19,15/08/20,50,25,4,21
3274,Kota Cirebon,20,22/08/20,54,29,5,20
3274,Kota Cirebon,21,29/08/20,72,29,5,38
3274,Kota Cirebon,22,05/09/20,91,29,5,57
3274,Kota Cirebon,23,12/09/20,100,29,5,66
3274,Kota Cirebon,24,19/09/20,118,53,5,60
3274,Kota Cirebon,25,26/09/20,232,66,8,158
3274,Kota Cirebon,26,03/10/20,273,141,8,124
3274,Kota Cirebon,27,10/10/20,278,159,12,107
3274,Kota Cirebon,28,17/10/20,300,204,17,79
3274,Kota Cirebon,29,24/10/20,330,223,17,90
3274,Kota Cirebon,30,31/10/20,343,256,17,70
3274,Kota Cirebon,31,07/11/20,365,274,18,73
3274,Kota Cirebon,32,14/11/20,377,306,18,53
3274,Kota Cirebon,33,21/11/20,420,346,18,56
3274,Kota Cirebon,34,28/11/20,420,359,18,43
3274,Kota Cirebon,35,05/12/20,579,396,18,165
3274,Kota Cirebon,36,12/12/20,579,515,18,46
3274,Kota Cirebon,37,19/12/20,579,561,18,0
3274,Kota Cirebon,38,26/12/20,581,561,18,2
3274,Kota Cirebon,39,02/01/21,581,561,18,2
3274,Kota Cirebon,40,09/01/21,584,563,18,3
,,,,,,,,,,,,,,,
3275,Kota Bekasi,1,14/03/20,2,0,0,2
3275,Kota Bekasi,2,21/03/20,13,0,0,13
3275,Kota Bekasi,3,28/03/20,25,2,0,23
3275,Kota Bekasi,4,04/04/20,38,2,1,35
3275,Kota Bekasi,5,11/04/20,40,3,4,33
3275,Kota Bekasi,6,18/04/20,52,3,4,45
3275,Kota Bekasi,7,25/04/20,64,5,4,55
3275,Kota Bekasi,8,02/05/20,81,19,4,58
3275,Kota Bekasi,9,09/05/20,267,24,6,237
3275,Kota Bekasi,10,16/05/20,297,28,6,263
3275,Kota Bekasi,11,23/05/20,402,151,27,224
3275,Kota Bekasi,12,30/05/20,418,159,27,232
3275,Kota Bekasi,13,06/06/20,434,161,27,246
3275,Kota Bekasi,14,13/06/20,454,165,28,261
3275,Kota Bekasi,15,20/06/20,476,165,28,283
3275,Kota Bekasi,16,27/06/20,504,214,30,260
3275,Kota Bekasi,17,04/07/20,549,214,30,305
3275,Kota Bekasi,18,11/07/20,583,214,30,339
3275,Kota Bekasi,19,18/07/20,649,250,30,369
3275,Kota Bekasi,20,25/07/20,721,250,30,441
3275,Kota Bekasi,21,01/08/20,804,268,30,506
3275,Kota Bekasi,22,08/08/20,936,268,30,638
3275,Kota Bekasi,23,15/08/20,1170,269,30,871
3275,Kota Bekasi,24,22/08/20,1340,277,30,1033
3275,Kota Bekasi,25,29/08/20,1694,829,30,835
3275,Kota Bekasi,26,05/09/20,2026,939,30,1057
3275,Kota Bekasi,27,12/09/20,2416,942,30,1444
3275,Kota Bekasi,28,19/09/20,3006,1343,30,1633
3275,Kota Bekasi,29,26/09/20,3901,2496,35,1370
3275,Kota Bekasi,30,03/10/20,4352,2674,95,1583
3275,Kota Bekasi,31,10/10/20,4878,2997,99,1782
3275,Kota Bekasi,32,17/10/20,5365,3606,99,1660
3275,Kota Bekasi,33,24/10/20,6115,4310,121,1684
3275,Kota Bekasi,34,31/10/20,6725,4477,131,2117
3275,Kota Bekasi,35,07/11/20,7523,5086,131,2306
3275,Kota Bekasi,36,14/11/20,8411,6093,142,2176
3275,Kota Bekasi,37,21/11/20,8988,7124,142,1722
3275,Kota Bekasi,38,28/11/20,9485,8289,144,1052
3275,Kota Bekasi,39,05/12/20,10003,9062,145,796
3275,Kota Bekasi,40,12/12/20,11050,9823,149,1078
3275,Kota Bekasi,41,19/12/20,12094,10637,151,1306
3275,Kota Bekasi,42,26/12/20,13376,11366,157,1853
3275,Kota Bekasi,43,02/01/21,14569,12354,164,2051
3275,Kota Bekasi,44,09/01/21,16551,13502,164,2885
,,,,,,,,,,,,,,,
3276,Kota Depok,1,07/03/20,2,0,0,2
3276,Kota Depok,2,14/03/20,3,3,0,0
3276,Kota Depok,3,21/03/20,9,3,1,5
3276,Kota Depok,4,28/03/20,28,4,2,22
3276,Kota Depok,5,04/04/20,52,6,2,44
3276,Kota Depok,6,11/04/20,60,9,2,49
3276,Kota Depok,7,18/04/20,139,15,10,114
3276,Kota Depok,8,25/04/20,205,17,14,174
3276,Kota Depok,9,02/05/20,245,28,14,203
3276,Kota Depok,10,09/05/20,293,37,15,241
3276,Kota Depok,11,16/05/20,333,38,15,280
3276,Kota Depok,12,23/05/20,403,83,17,303
3276,Kota Depok,13,30/05/20,444,149,24,271
3276,Kota Depok,14,06/06/20,531,172,29,330
3276,Kota Depok,15,13/06/20,579,269,29,281
3276,Kota Depok,16,20/06/20,659,343,31,285
3276,Kota Depok,17,27/06/20,718,364,31,323
3276,Kota Depok,18,04/07/20,816,455,31,330
3276,Kota Depok,19,11/07/20,852,513,33,306
3276,Kota Depok,20,18/07/20,936,570,33,333
3276,Kota Depok,21,25/07/20,1106,716,41,349
3276,Kota Depok,22,01/08/20,1228,720,41,467
3276,Kota Depok,23,08/08/20,1326,874,46,406
3276,Kota Depok,24,15/08/20,1516,923,48,545
3276,Kota Depok,25,22/08/20,1582,989,53,540
3276,Kota Depok,26,29/08/20,1750,989,53,708
3276,Kota Depok,27,05/09/20,2012,989,53,970
3276,Kota Depok,28,12/09/20,2328,1320,59,949
3276,Kota Depok,29,19/09/20,2580,1514,64,1002
3276,Kota Depok,30,26/09/20,3643,2144,81,1418
3276,Kota Depok,31,03/10/20,4018,2276,81,1661
3276,Kota Depok,32,10/10/20,4490,2707,88,1695
3276,Kota Depok,33,17/10/20,5004,3038,88,1878
3276,Kota Depok,34,24/10/20,5571,3775,167,1629
3276,Kota Depok,35,31/10/20,5888,4106,177,1605
3276,Kota Depok,36,07/11/20,6307,4686,204,1417
3276,Kota Depok,37,14/11/20,6728,5262,204,1262
3276,Kota Depok,38,21/11/20,6736,5947,204,585
3276,Kota Depok,39,28/11/20,7113,6480,204,429
3276,Kota Depok,40,05/12/20,8263,6537,204,1522
3276,Kota Depok,41,12/12/20,9253,7199,204,1850
3276,Kota Depok,42,19/12/20,10527,8252,204,2071
3276,Kota Depok,43,26/12/20,11420,8713,204,2503
3276,Kota Depok,44,02/01/21,12985,10225,204,2556
3276,Kota Depok,45,09/01/21,15358,11765,204,3389
,,,,,,,,,,,,,,,
3277,Kota Cimahi,1,28/03/20,4,0,1,3
3277,Kota Cimahi,2,04/04/20,7,0,3,4
3277,Kota Cimahi,3,11/04/20,17,0,3,14
3277,Kota Cimahi,4,18/04/20,32,1,3,28
3277,Kota Cimahi,5,25/04/20,43,5,3,35
3277,Kota Cimahi,6,02/05/20,52,9,3,40
3277,Kota Cimahi,7,09/05/20,61,15,3,43
3277,Kota Cimahi,8,16/05/20,69,16,3,50
3277,Kota Cimahi,9,23/05/20,73,16,3,54
3277,Kota Cimahi,10,30/05/20,84,30,3,51
3277,Kota Cimahi,11,06/06/20,84,37,3,44
3277,Kota Cimahi,12,13/06/20,88,44,3,41
3277,Kota Cimahi,13,20/06/20,89,49,3,37
3277,Kota Cimahi,14,27/06/20,99,61,3,35
3277,Kota Cimahi,15,04/07/20,101,62,4,35
3277,Kota Cimahi,16,11/07/20,110,76,4,30
3277,Kota Cimahi,17,18/07/20,113,91,4,18
3277,Kota Cimahi,18,25/07/20,119,98,4,17
3277,Kota Cimahi,19,01/08/20,123,104,4,15
3277,Kota Cimahi,20,08/08/20,153,108,4,41
3277,Kota Cimahi,21,15/08/20,158,119,4,35
3277,Kota Cimahi,22,22/08/20,164,121,4,39
3277,Kota Cimahi,23,29/08/20,202,124,4,74
3277,Kota Cimahi,24,05/09/20,224,124,4,96
3277,Kota Cimahi,25,12/09/20,272,128,4,140
3277,Kota Cimahi,26,19/09/20,288,137,4,147
3277,Kota Cimahi,27,26/09/20,304,204,4,96
3277,Kota Cimahi,28,03/10/20,394,204,4,186
3277,Kota Cimahi,29,10/10/20,472,249,4,219
3277,Kota Cimahi,30,17/10/20,526,295,4,227
3277,Kota Cimahi,31,24/10/20,601,311,4,286
3277,Kota Cimahi,32,31/10/20,645,399,4,242
3277,Kota Cimahi,33,07/11/20,827,480,4,343
3277,Kota Cimahi,34,14/11/20,1099,599,8,492
3277,Kota Cimahi,35,21/11/20,1249,789,9,451
3277,Kota Cimahi,36,28/11/20,1289,1067,9,213
3277,Kota Cimahi,37,05/12/20,1833,1236,10,587
3277,Kota Cimahi,38,12/12/20,2358,1448,37,873
3277,Kota Cimahi,39,19/12/20,2577,1983,42,552
3277,Kota Cimahi,40,26/12/20,2663,2317,45,301
3277,Kota Cimahi,41,02/01/21,2814,2539,45,230
3277,Kota Cimahi,42,09/01/21,2950,2626,45,279
,,,,,,,,,,,,,,,
3278,Kota Tasikmalaya,1,28/03/20,1,0,0,1
3278,Kota Tasikmalaya,2,04/04/20,1,0,0,1
3278,Kota Tasikmalaya,3,11/04/20,3,0,0,3
3278,Kota Tasikmalaya,4,18/04/20,3,0,0,3
3278,Kota Tasikmalaya,5,25/04/20,7,2,0,5
3278,Kota Tasikmalaya,6,02/05/20,13,2,0,11
3278,Kota Tasikmalaya,7,09/05/20,16,2,1,13
3278,Kota Tasikmalaya,8,16/05/20,19,2,1,16
3278,Kota Tasikmalaya,9,23/05/20,21,2,1,18
3278,Kota Tasikmalaya,10,30/05/20,24,5,1,18
3278,Kota Tasikmalaya,11,06/06/20,24,14,2,8
3278,Kota Tasikmalaya,12,13/06/20,24,14,2,8
3278,Kota Tasikmalaya,13,20/06/20,24,14,2,8
3278,Kota Tasikmalaya,14,27/06/20,24,14,2,8
3278,Kota Tasikmalaya,15,04/07/20,24,22,2,0
3278,Kota Tasikmalaya,16,11/07/20,25,22,2,1
3278,Kota Tasikmalaya,17,18/07/20,25,22,2,1
3278,Kota Tasikmalaya,18,25/07/20,27,22,2,3
3278,Kota Tasikmalaya,19,01/08/20,27,22,2,3
3278,Kota Tasikmalaya,20,08/08/20,28,22,2,4
3278,Kota Tasikmalaya,21,15/08/20,32,22,2,8
3278,Kota Tasikmalaya,22,22/08/20,32,22,2,8
3278,Kota Tasikmalaya,23,29/08/20,40,22,2,16
3278,Kota Tasikmalaya,24,05/09/20,58,22,3,33
3278,Kota Tasikmalaya,25,12/09/20,58,22,3,33
3278,Kota Tasikmalaya,26,19/09/20,58,43,3,12
3278,Kota Tasikmalaya,27,26/09/20,59,48,3,8
3278,Kota Tasikmalaya,28,03/10/20,63,48,3,12
3278,Kota Tasikmalaya,29,10/10/20,69,55,3,11
3278,Kota Tasikmalaya,30,17/10/20,75,55,3,17
3278,Kota Tasikmalaya,31,24/10/20,161,56,3,102
3278,Kota Tasikmalaya,32,31/10/20,162,133,3,26
3278,Kota Tasikmalaya,33,07/11/20,165,137,3,25
3278,Kota Tasikmalaya,34,14/11/20,171,155,3,13
3278,Kota Tasikmalaya,35,21/11/20,597,328,7,262
3278,Kota Tasikmalaya,36,28/11/20,597,338,9,250
3278,Kota Tasikmalaya,37,05/12/20,1004,573,13,418
3278,Kota Tasikmalaya,38,12/12/20,1004,578,19,407
3278,Kota Tasikmalaya,39,19/12/20,1088,984,20,84
3278,Kota Tasikmalaya,40,26/12/20,1592,984,20,588
3278,Kota Tasikmalaya,41,02/01/21,2055,1086,20,949
3278,Kota Tasikmalaya,42,09/01/21,2076,1718,20,338
,,,,,,,,,,,,,,,
3279,Kota Banjar,1,11/04/20,1,0,0,1
3279,Kota Banjar,2,18/04/20,2,0,0,2
3279,Kota Banjar,3,25/04/20,2,1,0,1
3279,Kota Banjar,4,02/05/20,3,1,0,2
3279,Kota Banjar,5,09/05/20,3,3,0,0
3279,Kota Banjar,6,16/05/20,3,3,0,0
3279,Kota Banjar,7,23/05/20,7,6,1,0
3279,Kota Banjar,8,30/05/20,7,6,1,0
3279,Kota Banjar,9,06/06/20,7,6,1,0
3279,Kota Banjar,10,13/06/20,7,6,1,0
3279,Kota Banjar,11,20/06/20,7,6,1,0
3279,Kota Banjar,12,27/06/20,7,6,1,0
3279,Kota Banjar,13,04/07/20,7,6,1,0
3279,Kota Banjar,14,11/07/20,10,6,1,3
3279,Kota Banjar,15,18/07/20,10,6,1,3
3279,Kota Banjar,16,25/07/20,10,6,1,3
3279,Kota Banjar,17,01/08/20,10,6,1,3
3279,Kota Banjar,18,08/08/20,10,9,1,0
3279,Kota Banjar,19,15/08/20,10,9,1,0
3279,Kota Banjar,20,22/08/20,10,9,1,0
3279,Kota Banjar,21,29/08/20,11,9,1,1
3279,Kota Banjar,22,05/09/20,11,9,1,1
3279,Kota Banjar,23,12/09/20,11,9,1,1
3279,Kota Banjar,24,19/09/20,11,9,1,1
3279,Kota Banjar,25,26/09/20,12,10,1,1
3279,Kota Banjar,26,03/10/20,13,10,1,2
3279,Kota Banjar,27,10/10/20,41,10,1,30
3279,Kota Banjar,28,17/10/20,42,10,1,31
3279,Kota Banjar,29,24/10/20,44,11,1,32
3279,Kota Banjar,30,31/10/20,67,41,2,24
3279,Kota Banjar,31,07/11/20,67,41,2,24
3279,Kota Banjar,32,14/11/20,67,43,3,21
3279,Kota Banjar,33,21/11/20,67,43,24,0
3279,Kota Banjar,34,28/11/20,170,61,24,85
3279,Kota Banjar,35,05/12/20,202,61,24,117
3279,Kota Banjar,36,12/12/20,233,166,24,43
3279,Kota Banjar,37,19/12/20,251,187,24,40
3279,Kota Banjar,38,26/12/20,265,206,24,35
3279,Kota Banjar,39,02/01/21,326,227,24,75
3279,Kota Banjar,40,09/01/21,373,254,24,95
